{"params": {"qp_w_a": 26.118528947223794, "qp_w_j": 5278.987721304084, "aeb_rss_factor": 0.9792144648535218, "critical_rss_factor": 1.3049542764940538, "lc_min_front_gap": 13.824279936868145, "lc_min_rear_gap": 20.496231729751095, "lc_duration": 2.7995106732375397, "lc_beta_1": 12.571172192068058, "urgency_gap_relax_coeff": 0.6962072844310212, "lc_prep_duration": 1.0696756190799965, "urgency_gamma": 3.7150897038028767, "urgency_alpha": 0.09263103092182289, "proactive_brake_threshold": -1.173979362805888, "exit_urgent_dist": 126.93313223519999, "exit_emergency_dist": 78.28160165372796, "exit_long_relax_urgent": 0.8425192044349383, "exit_lat_relax_urgent": 0.6913841307520112, "exit_long_relax_emerg": 0.4293016342019152, "exit_lat_relax_emerg": 0.605269907953647, "exit_scale_floor": 0.3600381234349003}, "metrics": {"aeb_count": 0, "avg_speed": 18.842163483304095, "avg_travel_time": 77.90314102560322, "collision_count": 0, "efficiency_score": 0.6305298089982456, "exit_rate": 0.6863905325443787, "gini_weave": 0.08049462845147182, "lc_rate": 0.3218390804597701}, "score": 832.365801121805, "study_name": "weaving_v11_final_high", "storage": "unknown", "timestamp": "2026-01-19T21:48:06.674583"}