{"params": {"qp_w_a": 28.108904159657687, "qp_w_j": 5802.857225639665, "aeb_rss_factor": 1.092797576724562, "critical_rss_factor": 1.559195090518222, "lc_min_front_gap": 8.580836121681994, "lc_min_rear_gap": 20.394113749299223, "lc_duration": 4.202230023486417, "lc_beta_1": 11.0, "urgency_gap_relax_coeff": 0.5, "lc_prep_duration": 2.0, "urgency_gamma": 4.124217733388137, "urgency_alpha": 0.10617534828874074, "proactive_brake_threshold": -0.5451352217570085}, "metrics": {"aeb_count": 0, "avg_speed": 19.357402991065655, "avg_travel_time": 76.28564263317372, "collision_count": 0, "efficiency_score": 0.6614441794639393, "exit_rate": 0.6959247648902821, "lc_rate": 0.3806818181818182}, "score": 876.2737282912215, "study_name": "weaving_v11_final_medium", "storage": "unknown", "timestamp": "2026-01-09T02:49:58.005239"}