{"params":{"qp_w_a":27.950185374148983,"qp_w_j":5668.144898782039,"aeb_rss_factor":1.0188907292722138,"critical_rss_factor":1.31179735056471,"lc_min_front_gap":13.560133658681538,"lc_min_rear_gap":15.082623311897345,"lc_duration":3.556963982790708,"lc_beta_1":12.146000230081544,"urgency_gap_relax_coeff":0.4843025386760713,"lc_prep_duration":1.3641841442938936,"urgency_gamma":3.9290918836737583,"urgency_alpha":0.13808100132176512,"proactive_brake_threshold":-1.1636205534587025,"exit_urgent_dist":76.69725091165753,"exit_emergency_dist":78.26871877214697,"exit_long_relax_urgent":0.6704522737602262,"exit_lat_relax_urgent":0.823952401638195,"exit_long_relax_emerg":0.6629707292188608,"exit_lat_relax_emerg":0.48373327701277746,"exit_scale_floor":0.29302598361747034},"metrics":{"aeb_count":0,"avg_speed":19.03050377262345,"avg_travel_time":77.96173333329837,"collision_count":0,"efficiency_score":0.641830226357407,"exit_rate":0.7414965986394558,"gini_weave":0.08979989860109505,"lc_rate":0.30434782608695654},"score":887.006603709401,"study_name":"weaving_v11_final_high","storage":"unknown","timestamp":"2026-01-23T22:00:08.772218"}