{"params": {"qp_w_a": 23.745401188473625, "qp_w_j": 6901.428612819833, "aeb_rss_factor": 1.0231993941811406, "critical_rss_factor": 1.3397987726295555, "lc_min_front_gap": 12.624074561769746, "lc_min_rear_gap": 16.091961642353418, "lc_duration": 2.5871254182522994, "lc_beta_1": 14.330880728874675, "urgency_gap_relax_coeff": 0.7005575058716045, "lc_prep_duration": 2.0621088666940683, "urgency_gamma": 2.541168988591605, "urgency_alpha": 0.2924774630404986, "proactive_brake_threshold": -0.8670229436798313}, "metrics": {"aeb_count": 0, "avg_speed": 18.93819403515352, "avg_travel_time": 78.81727848098247, "collision_count": 0, "efficiency_score": 0.6362916421092111, "exit_rate": 0.6646706586826348, "gini_weave": 0.07505221225842185, "lc_rate": 0.2926829268292683}, "score": 810.9180480697137, "study_name": "weaving_v11_final_high", "storage": "unknown", "timestamp": "2026-01-11T00:51:18.656791"}